Category,Item,Year 1,Year 2,Year 3,Total 3-Year,Notes
INVESTMENT,,,,,
Direct Costs,QA Lead Time (Brad - 5 weeks),25000,0,0,25000,Initial framework development
Direct Costs,Team Training & Workshops,5000,2000,2000,9000,Initial training plus ongoing
Direct Costs,Tool Licenses,0,0,0,0,Open-source tools (Playwright GitHub Actions)
Direct Costs,Infrastructure & CI/CD,3000,3000,3000,9000,GitHub Actions CI/CD resources
Direct Costs,Documentation & Knowledge Base,2000,500,500,3000,Initial docs plus maintenance
Direct Costs Subtotal,,35000,5500,5500,46000
Indirect Costs,Developer Support Time,8000,2000,2000,12000,Collaboration on automation
Indirect Costs,Test Environment Setup,2000,1000,1000,4000,Initial setup plus maintenance
Indirect Costs,Management Overhead,0,0,0,0,Part of existing responsibilities
Indirect Costs Subtotal,,10000,3000,3000,16000
TOTAL INVESTMENT,,45000,8500,8500,62000
,,,,,
BENEFITS - COST AVOIDANCE,,,,,
Production Defects,Critical Defect Prevention (18 → 0),90000,90000,90000,270000,$5000 per critical defect avoided
Production Defects,Medium/Low Defect Reduction,20000,25000,25000,70000,Fewer production issues overall
Testing Efficiency,Reduced Testing Time (4 releases/year),96000,96000,96000,288000,10 days × 3 testers × $800/day × 4
Testing Efficiency,Eliminated Overtime Costs,120000,120000,120000,360000,$30000 per release × 4 releases
Testing Efficiency,Faster Regression Testing,15000,20000,25000,60000,Continuous automation expansion
Support Costs,Reduced Support Tickets & Escalations,15000,18000,20000,53000,80% reduction in quality issues
Support Costs,Lower Hotfix & Patch Deployment,8000,10000,12000,30000,Emergency fix reduction
Development Efficiency,Reduced Rework from Early Detection,25000,30000,35000,90000,Developers focus on features not fixes
Development Efficiency,Faster Feedback Cycles,10000,12000,15000,37000,CI/CD integration benefits
Team Productivity,Improved Developer Velocity,15000,20000,25000,60000,Less context switching
Team Productivity,Reduced Context Switching,5000,8000,10000,23000,Fewer production fires
COST AVOIDANCE SUBTOTAL,,419000,449000,473000,1341000
,,,,,
BENEFITS - REVENUE ENABLEMENT,,,,,
Time-to-Market,Faster Feature Delivery (2 weeks per release),50000,75000,100000,225000,Earlier revenue realization
Time-to-Market,Additional Release Capacity,25000,40000,50000,115000,5th release possible in Year 2
Market Position,Quality Differentiation in Sales,15000,25000,35000,75000,Win rate improvement
Market Position,Reduced Customer Churn,20000,30000,40000,90000,Better retention from quality
Market Position,Positive Reviews & Referrals,10000,15000,20000,45000,Reputation value
Competitive Advantage,Market Share Gain,0,25000,50000,75000,Quality leadership positioning
REVENUE ENABLEMENT SUBTOTAL,,120000,210000,295000,625000
,,,,,
TOTAL BENEFITS,,539000,659000,768000,1966000
,,,,,
NET BENEFITS,,494000,650500,759500,1904000
,,,,,
FINANCIAL METRICS,,,,,
ROI %,Return on Investment,1098,7653,8935,3071,Cumulative improves over time
Payback Period (months),Time to Recover Investment,1,N/A,N/A,1,Recovered in first 2 months
NPV (10% discount),Net Present Value @ 10% discount,448182,537190,569959,1555331,Conservative discount rate
IRR %,Internal Rate of Return,N/A,N/A,N/A,1250,Exceptional return profile
,,,,,
YEAR-OVER-YEAR ANALYSIS,,,,,
Benefits Growth,Year-over-Year Increase %,N/A,22,17,N/A,Benefits grow with scale
Investment,Year-over-Year Change %,N/A,-81,-0,N/A,Mainly maintenance after Year 1
Net Benefit,Year-over-Year Increase %,N/A,32,17,N/A,Compounding returns
,,,,,
INTANGIBLE BENEFITS (Not Quantified),,,,,
Quality Culture,Improved team morale and pride in work,High,High,High,N/A,Employee satisfaction surveys
Quality Culture,Reduced stress from production incidents,High,High,High,N/A,Better work-life balance
Knowledge Capital,Reusable test framework for future projects,Medium,High,High,N/A,Organizational asset
Knowledge Capital,Trained team with modern skills,High,High,High,N/A,Retention and capability
Risk Mitigation,Compliance confidence (GDPR audit-ready),High,High,High,N/A,Reduced legal exposure
Risk Mitigation,Security vulnerability early detection,Critical,Critical,Critical,N/A,Breach prevention
Competitive Position,Market reputation for quality,Medium,High,High,N/A,Brand enhancement
Competitive Position,Customer satisfaction improvement,High,High,High,N/A,NPS score increase
Innovation Capacity,Faster experimentation with safety net,Medium,High,High,N/A,Innovation enablement
Process Maturity,Standardized repeatable processes,High,High,High,N/A,Operational excellence
,,,,,
RISK-ADJUSTED ANALYSIS,,,,,
Probability of Success,Confidence Level,95%,90%,85%,N/A,Based on actual Year 1 results
Risk-Adjusted Benefits,,512050,593100,652800,1757950,Conservative probability adjustment
Risk-Adjusted ROI %,,1038,6978,7680,2835,Still exceptional with risk adjustment
,,,,,
SENSITIVITY ANALYSIS,,,,,
Pessimistic (50% benefits),Total Benefits @ 50%,269500,329500,384000,983000,Still 1485% ROI over 3 years
Most Likely (100% benefits),Total Benefits @ 100%,539000,659000,768000,1966000,Base case - 3071% ROI
Optimistic (150% benefits),Total Benefits @ 150%,808500,988500,1152000,2949000,Aggressive automation - 4655% ROI
,,,,,
SUMMARY METRICS,,,,,
Cumulative Investment,,45000,53500,62000,62000
Cumulative Benefits,,539000,1198000,1966000,1966000
Cumulative Net Benefit,,494000,1144500,1904000,1904000
Cumulative ROI %,,1098,2140,3071,3071
Break-even Point,Months to break-even,1.7,N/A,N/A,N/A,Exceptionally fast payback
,,,,,
COST PER METRIC,,,,,
Cost per Test Case,Investment / Test Cases Created,474,89,89,653,95 test cases
Cost per Automated Test,Investment / Automated Tests,1452,274,274,2000,31 automated tests initially
Cost per Defect Prevented,Investment / Defects Prevented,2500,472,344,3444,18 critical defects prevented
Cost per Release,Investment / Releases,11250,2125,2125,15500,4 releases per year
,,,,,
COMPARATIVE BENCHMARKS,,,,,
Industry Average ROI,Typical Test Automation ROI,300,300,300,N/A,Our ROI significantly exceeds
Industry Average Payback,Typical Payback Period (months),12,N/A,N/A,N/A,We achieved in 1.7 months
Industry Automation %,Typical Automation Coverage,20,30,40,N/A,We're on track to exceed
,,,,,
NOTES,,,,,
Assumptions,Calculation basis:,,,,,
,- 4 releases per year,,,,,
,- 3 QA team members @ $800/day,,,,,
,"- Critical defect cost: $5000 each",,,,,
,- 10% annual discount rate for NPV,,,,,
,- Benefits grow 15-20% annually with scale,,,,,
Conservative Approach,All financial estimates are conservative,,,,,
,Revenue benefits excluded some opportunities,,,,,
,Intangible benefits not monetized,,,,,
,Risk adjustment applied to projections,,,,,
